{
  "epoch": 585,
  "eval_mae": 51.565934065934066,
  "eval_mse": 81.7358046283375,
  "pred_cnt": 418.7362637362637,
  "gt_cnt": 433.3076923076923,
  "checkpoint": "outputs/SHA/vgg16_bn_drop700_apg_lc_seed42/best_checkpoint.pth",
  "eval_model": "model",
  "tta_flip": true
}
