{
  "epoch": 585,
  "eval_mae": 50.66208791208791,
  "eval_mse": 80.07109649870854,
  "pred_cnt": 430.0796703296703,
  "gt_cnt": 433.3076923076923,
  "checkpoint": "outputs/SHA/vgg16_bn_drop700_apg_lc_seed42/best_checkpoint.pth",
  "eval_model": "model",
  "tta_flip": true
}
