{
  "epoch": 585,
  "eval_mae": 50.98626373626374,
  "eval_mse": 80.81556298003633,
  "pred_cnt": 422.60714285714283,
  "gt_cnt": 433.3076923076923,
  "checkpoint": "outputs/SHA/vgg16_bn_drop700_apg_lc_seed42/best_checkpoint.pth",
  "eval_model": "model",
  "tta_flip": true
}
