{
  "epoch": 585,
  "eval_mae": 50.57692307692308,
  "eval_mse": 80.14694608675347,
  "pred_cnt": 426.47802197802196,
  "gt_cnt": 433.3076923076923,
  "checkpoint": "outputs/SHA/vgg16_bn_drop700_apg_lc_seed42/best_checkpoint.pth",
  "eval_model": "model",
  "tta_flip": true
}
