{
  "epoch": 585,
  "eval_mae": 50.66208791208791,
  "eval_mse": 80.0994488326649,
  "pred_cnt": 428.30494505494505,
  "gt_cnt": 433.3076923076923,
  "checkpoint": "outputs/SHA/vgg16_bn_drop700_apg_lc_seed42/best_checkpoint.pth",
  "eval_model": "model",
  "tta_flip": true
}
