{
  "backbone": "fastvit_tiny",
  "checkpoint": "outputs/SHA/results/fastvit_tiny/final_train/best_checkpoint.pth",
  "eval_mae": 72.53296703296704,
  "eval_mse": 120.7419598943171,
  "train_best_mae": 72.53296703296704,
  "train_best_mse": 120.7419598943171,
  "best_epoch": 315,
  "total_epochs": 316,
  "optuna_search_mae": 87.93406593406593
}
