{
  "backbone": "hgnetv2_small",
  "checkpoint": "outputs/SHA/results/hgnetv2_small/final_train/best_checkpoint.pth",
  "eval_mae": 93.43956043956044,
  "eval_mse": 154.53275907189914,
  "train_best_mae": 93.43956043956044,
  "train_best_mse": 154.53275907189914,
  "best_epoch": 805,
  "total_epochs": 806,
  "optuna_search_mae": 96.64285714285714
}
