{
  "backbone": "maxvit_small",
  "checkpoint": "outputs/SHA/results/maxvit_small/final_train/best_checkpoint.pth",
  "eval_mae": 107.8956043956044,
  "eval_mse": 175.2905750868703,
  "train_best_mae": 107.8956043956044,
  "train_best_mse": 175.2905750868703,
  "best_epoch": 380,
  "total_epochs": 381,
  "optuna_search_mae": 146.64835164835165
}
