{
  "epoch": 580,
  "eval_mae": 71.51648351648352,
  "eval_mse": 108.22026785046494,
  "pred_cnt": 475.15384615384613,
  "gt_cnt": 433.3076923076923,
  "checkpoint": "outputs/SHA/vgg16_bn_litefpn_ft_seed42/best_checkpoint.pth",
  "eval_model": "model_ema"
}
