{
  "epoch": 580,
  "eval_mae": 66.1978021978022,
  "eval_mse": 101.26540040251318,
  "pred_cnt": 463.95604395604397,
  "gt_cnt": 433.3076923076923,
  "checkpoint": "outputs/SHA/vgg16_bn_litefpn_ft_seed42/best_checkpoint.pth",
  "eval_model": "model_ema"
}
