{
  "backbone": "fastvit_small",
  "checkpoint": "outputs/SHA/results/fastvit_small/final_train/best_checkpoint.pth",
  "eval_mae": 73.75824175824175,
  "eval_mse": 118.4882337553461,
  "train_best_mae": 73.75824175824175,
  "train_best_mse": 118.4882337553461,
  "best_epoch": 1090,
  "total_epochs": 1091,
  "optuna_search_mae": 132.32967032967034
}
