{
  "epoch": 90,
  "eval_mae": 59.032967032967036,
  "eval_mse": 97.27490217628899,
  "pred_cnt": 391.1978021978022,
  "gt_cnt": 433.3076923076923,
  "checkpoint": "outputs/SHA/vgg16_bn_apg_gtqd_lc_ft_seed42/best_checkpoint.pth",
  "eval_model": "model",
  "tta_flip": false
}
