{
  "epoch": 90,
  "eval_mae": 57.25824175824176,
  "eval_mse": 94.03643787570671,
  "pred_cnt": 396.54395604395603,
  "gt_cnt": 433.3076923076923,
  "checkpoint": "outputs/SHA/vgg16_bn_apg_gtqd_lc_ft_seed42/best_checkpoint.pth",
  "eval_model": "model",
  "tta_flip": false
}
