{
  "epoch": 90,
  "eval_mae": 53.10989010989011,
  "eval_mse": 86.93682182488033,
  "pred_cnt": 415.1978021978022,
  "gt_cnt": 433.3076923076923,
  "checkpoint": "outputs/SHA/vgg16_bn_apg_gtqd_lc_ft_seed42/best_checkpoint.pth",
  "eval_model": "model",
  "tta_flip": false
}
