{
  "epoch": 90,
  "eval_mae": 52.082417582417584,
  "eval_mse": 85.84009539849066,
  "pred_cnt": 421.2362637362637,
  "gt_cnt": 433.3076923076923,
  "checkpoint": "outputs/SHA/vgg16_bn_apg_gtqd_lc_ft_seed42/best_checkpoint.pth",
  "eval_model": "model",
  "tta_flip": false
}
