{
  "backbone": "efficientnet_b1",
  "checkpoint": "outputs/SHA/results/efficientnet_b1/final_train/best_checkpoint.pth",
  "eval_mae": 65.43956043956044,
  "eval_mse": 107.72293520523273,
  "train_best_mae": 65.43956043956044,
  "train_best_mse": 107.72293520523273,
  "best_epoch": 885,
  "total_epochs": 886,
  "optuna_search_mae": 77.86813186813187
}
