{
  "backbone": "efficientnet_b1",
  "dataset_file": "SHA",
  "trials": 5,
  "trials_completed": 5,
  "seed_aggregate": "mean",
  "extra_args": "--epochs 150 --patch_size 256",
  "best_value": 77.86813186813187,
  "best_params": {
    "lr": 0.00028413400830474634,
    "lr_backbone": 2.6512729597401088e-06,
    "batch_size": 8,
    "warmup": 9,
    "score_threshold": 0.4455564950961303
  },
  "best_trial_number": 4,
  "per_seed_mae": [
    77.86813186813187
  ]
}