{
  "epoch": 585,
  "eval_mae": 50.934065934065934,
  "eval_mse": 79.4391051596846,
  "pred_cnt": 434.2637362637363,
  "gt_cnt": 433.3076923076923,
  "checkpoint": "outputs/SHA/vgg16_bn_drop700_apg_lc_seed42/best_checkpoint.pth",
  "eval_model": "model",
  "tta_flip": false
}
