{
  "epoch": 585,
  "eval_mae": 52.175824175824175,
  "eval_mse": 81.83600593951215,
  "pred_cnt": 444.95604395604397,
  "gt_cnt": 433.3076923076923,
  "checkpoint": "outputs/SHA/vgg16_bn_drop700_apg_lc_seed42/best_checkpoint.pth",
  "eval_model": "model",
  "tta_flip": false
}
