{
  "epoch": 585,
  "eval_mae": 52.467032967032964,
  "eval_mse": 82.12336605831042,
  "pred_cnt": 446.5989010989011,
  "gt_cnt": 433.3076923076923,
  "checkpoint": "outputs/SHA/vgg16_bn_drop700_apg_lc_seed42/best_checkpoint.pth",
  "eval_model": "model",
  "tta_flip": false
}
