{
  "epoch": 540,
  "eval_mae": 53.505494505494504,
  "eval_mse": 86.55272165780592,
  "pred_cnt": 413.34065934065933,
  "gt_cnt": 433.3076923076923,
  "checkpoint": "outputs/SHA/vgg16_bn_drop700_apg_lc_seed7/best_checkpoint.pth",
  "eval_model": "model",
  "tta_flip": false
}
