{
  "epoch": 540,
  "eval_mae": 53.28021978021978,
  "eval_mse": 84.9046329907662,
  "pred_cnt": 418.92857142857144,
  "gt_cnt": 433.3076923076923,
  "checkpoint": "outputs/SHA/vgg16_bn_drop700_apg_lc_seed7/best_checkpoint.pth",
  "eval_model": "model",
  "tta_flip": false
}
