{
  "epoch": 540,
  "eval_mae": 53.73076923076923,
  "eval_mse": 87.32253589266219,
  "pred_cnt": 411.52197802197804,
  "gt_cnt": 433.3076923076923,
  "checkpoint": "outputs/SHA/vgg16_bn_drop700_apg_lc_seed7/best_checkpoint.pth",
  "eval_model": "model",
  "tta_flip": false
}
