{
  "epoch": 540,
  "eval_mae": 53.3021978021978,
  "eval_mse": 85.87446114487751,
  "pred_cnt": 415.0824175824176,
  "gt_cnt": 433.3076923076923,
  "checkpoint": "outputs/SHA/vgg16_bn_drop700_apg_lc_seed7/best_checkpoint.pth",
  "eval_model": "model",
  "tta_flip": false
}
