{
  "epoch": 540,
  "eval_mae": 53.16483516483517,
  "eval_mse": 85.16209495768888,
  "pred_cnt": 417.04395604395603,
  "gt_cnt": 433.3076923076923,
  "checkpoint": "outputs/SHA/vgg16_bn_drop700_apg_lc_seed7/best_checkpoint.pth",
  "eval_model": "model",
  "tta_flip": false
}
