{
  "backbone": "efficientnet_b0",
  "checkpoint": "outputs/SHA/results/efficientnet_b0/final_train/best_checkpoint.pth",
  "eval_mae": 65.74175824175825,
  "eval_mse": 100.57032420097943,
  "train_best_mae": 65.74175824175825,
  "train_best_mse": 100.57032420097943,
  "best_epoch": 595,
  "total_epochs": 596,
  "optuna_search_mae": 83.10989010989012
}
