{
  "backbone": "repvit_tiny",
  "checkpoint": "outputs/SHA/results/repvit_tiny/final_train/best_checkpoint.pth",
  "eval_mae": 74.44505494505495,
  "eval_mse": 127.45800859908316,
  "train_best_mae": 74.44505494505495,
  "train_best_mse": 127.45800859908316,
  "best_epoch": 370,
  "total_epochs": 371,
  "optuna_search_mae": 89.83516483516483
}
