{
  "backbone": "repvit_tiny",
  "dataset_file": "SHA",
  "trials": 5,
  "trials_completed": 5,
  "seed_aggregate": "mean",
  "extra_args": "--epochs 150 --patch_size 256",
  "best_value": 89.83516483516483,
  "best_params": {
    "lr": 5.706877266579979e-05,
    "lr_backbone": 8.9782862349117e-05,
    "batch_size": 2,
    "warmup": 5,
    "score_threshold": 0.5411524005030253
  },
  "best_trial_number": 0,
  "per_seed_mae": [
    89.83516483516483
  ]
}