{
  "backbone": "hgnetv2_tiny",
  "dataset_file": "SHA",
  "trials": 5,
  "trials_completed": 5,
  "seed_aggregate": "mean",
  "extra_args": "--epochs 150 --patch_size 256",
  "best_value": 75.54395604395604,
  "best_params": {
    "lr": 5.249562779346585e-06,
    "lr_backbone": 5.7536059024984925e-05,
    "batch_size": 8,
    "warmup": 7,
    "score_threshold": 0.576654048569684
  },
  "best_trial_number": 1,
  "per_seed_mae": [
    75.54395604395604
  ]
}