{
  "backbone": "convnext_tiny",
  "checkpoint": "outputs/SHA/results/convnext_tiny/final_train/best_checkpoint.pth",
  "eval_mae": 54.862637362637365,
  "eval_mse": 91.19852153226131,
  "train_best_mae": 54.862637362637365,
  "train_best_mse": 91.19852153226131,
  "best_epoch": 570,
  "total_epochs": 571,
  "optuna_search_mae": 60.582417582417584
}
