{
  "backbone": "convnext_tiny",
  "dataset_file": "SHA",
  "trials": 5,
  "trials_completed": 5,
  "seed_aggregate": "mean",
  "extra_args": "--epochs 150 --patch_size 256",
  "best_value": 60.582417582417584,
  "best_params": {
    "lr": 7.592630159760769e-05,
    "lr_backbone": 1.4344763648352645e-06,
    "batch_size": 4,
    "warmup": 1,
    "score_threshold": 0.5959401829358448
  },
  "best_trial_number": 4,
  "per_seed_mae": [
    60.582417582417584
  ]
}