{
  "backbone": "edgenext_tiny",
  "checkpoint": "outputs/SHA/results/edgenext_tiny/final_train/best_checkpoint.pth",
  "eval_mae": 67.96153846153847,
  "eval_mse": 106.55099898459603,
  "train_best_mae": 67.96153846153847,
  "train_best_mse": 106.55099898459603,
  "best_epoch": 340,
  "total_epochs": 341,
  "optuna_search_mae": 70.58791208791209
}
