{
  "backbone": "edgenext_tiny",
  "dataset_file": "SHA",
  "trials": 5,
  "trials_completed": 5,
  "seed_aggregate": "mean",
  "extra_args": "--epochs 150 --patch_size 256",
  "best_value": 70.58791208791209,
  "best_params": {
    "lr": 1.853801993133739e-05,
    "lr_backbone": 5.3381272390292616e-05,
    "batch_size": 4,
    "warmup": 6,
    "score_threshold": 0.41763423577790343
  },
  "best_trial_number": 2,
  "per_seed_mae": [
    70.58791208791209
  ]
}