{
  "backbone": "efficientnetv2_tiny",
  "checkpoint": "outputs/SHA/results/efficientnetv2_tiny/final_train/best_checkpoint.pth",
  "eval_mae": 72.23626373626374,
  "eval_mse": 120.70818958532612,
  "train_best_mae": 72.23626373626374,
  "train_best_mse": 120.70818958532612,
  "best_epoch": 315,
  "total_epochs": 316,
  "optuna_search_mae": 77.75824175824175
}
