{
  "backbone": "efficientnetv2_tiny",
  "dataset_file": "SHA",
  "trials": 5,
  "trials_completed": 5,
  "seed_aggregate": "mean",
  "extra_args": "--epochs 150 --patch_size 256",
  "best_value": 77.75824175824175,
  "best_params": {
    "lr": 1.9930442065964707e-06,
    "lr_backbone": 8.816298465677333e-05,
    "batch_size": 4,
    "warmup": 10,
    "score_threshold": 0.42182529624518866
  },
  "best_trial_number": 0,
  "per_seed_mae": [
    77.75824175824175
  ]
}