{
  "backbone": "pvtv2_b0",
  "checkpoint": "outputs/SHA/results/pvtv2_b0/final_train/best_checkpoint.pth",
  "eval_mae": 66.77472527472527,
  "eval_mse": 117.43651546616651,
  "train_best_mae": 66.77472527472527,
  "train_best_mse": 117.43651546616651,
  "best_epoch": 605,
  "total_epochs": 606,
  "optuna_search_mae": 71.0934065934066
}
