{
  "epoch": 475,
  "eval_mae": 57.324175824175825,
  "eval_mse": 91.03564692464711,
  "pred_cnt": 396.1373626373626,
  "gt_cnt": 433.3076923076923,
  "checkpoint": "outputs/SHA/vgg16_bn_drop700_apg_seed42/best_checkpoint.pth",
  "eval_model": "model",
  "tta_flip": false
}
