{
  "epoch": 475,
  "eval_mae": 51.22527472527472,
  "eval_mse": 81.15143218116945,
  "pred_cnt": 421.55494505494505,
  "gt_cnt": 433.3076923076923,
  "checkpoint": "outputs/SHA/vgg16_bn_drop700_apg_seed42/best_checkpoint.pth",
  "eval_model": "model",
  "tta_flip": false
}
