{
  "epoch": 475,
  "eval_mae": 50.76373626373626,
  "eval_mse": 80.74389712589381,
  "pred_cnt": 428.24725274725273,
  "gt_cnt": 433.3076923076923,
  "checkpoint": "outputs/SHA/vgg16_bn_drop700_apg_seed42/best_checkpoint.pth",
  "eval_model": "model",
  "tta_flip": false
}
