{
  "epoch": 475,
  "eval_mae": 50.69230769230769,
  "eval_mse": 80.7226972180306,
  "pred_cnt": 432.65934065934067,
  "gt_cnt": 433.3076923076923,
  "checkpoint": "outputs/SHA/vgg16_bn_drop700_apg_seed42/best_checkpoint.pth",
  "eval_model": "model",
  "tta_flip": false
}
