{
  "epoch": 475,
  "eval_mae": 52.91208791208791,
  "eval_mse": 83.95478898434915,
  "pred_cnt": 409.7912087912088,
  "gt_cnt": 433.3076923076923,
  "checkpoint": "outputs/SHA/vgg16_bn_drop700_apg_seed42/best_checkpoint.pth",
  "eval_model": "model",
  "tta_flip": false
}
