{
  "epoch": 475,
  "eval_mae": 52.36813186813187,
  "eval_mse": 82.92208046456281,
  "pred_cnt": 412.35714285714283,
  "gt_cnt": 433.3076923076923,
  "checkpoint": "outputs/SHA/vgg16_bn_drop700_apg_seed42/best_checkpoint.pth",
  "eval_model": "model",
  "tta_flip": false
}
