{
  "epoch": 475,
  "eval_mae": 51.5989010989011,
  "eval_mse": 81.68839884276412,
  "pred_cnt": 416.96153846153845,
  "gt_cnt": 433.3076923076923,
  "checkpoint": "outputs/SHA/vgg16_bn_drop700_apg_seed42/best_checkpoint.pth",
  "eval_model": "model",
  "tta_flip": false
}
