{
  "epoch": 475,
  "eval_mae": 54.03846153846154,
  "eval_mse": 86.1913600626568,
  "pred_cnt": 404.44505494505495,
  "gt_cnt": 433.3076923076923,
  "checkpoint": "outputs/SHA/vgg16_bn_drop700_apg_seed42/best_checkpoint.pth",
  "eval_model": "model",
  "tta_flip": false
}
