{
  "backbone": "resnet18",
  "dataset_file": "SHA",
  "trials": 5,
  "trials_completed": 5,
  "seed_aggregate": "mean",
  "extra_args": "--epochs 150 --patch_size 256",
  "best_value": 82.82967032967034,
  "best_params": {
    "lr": 0.0002409411548887102,
    "lr_backbone": 1.9510265231803478e-05,
    "batch_size": 2,
    "warmup": 2,
    "score_threshold": 0.43195458134220865
  },
  "best_trial_number": 3,
  "per_seed_mae": [
    82.82967032967034
  ]
}