{
  "epoch": 1375,
  "eval_mae": 6.9335443037974684,
  "eval_mse": 10.78016814880249,
  "pred_cnt": 123.28164556962025,
  "gt_cnt": 124.07594936708861,
  "checkpoint": "outputs/SHB/vgg16_bn_paper/best_checkpoint.pth"
}
