{
  "epoch": 1375,
  "eval_mae": 7.129746835443038,
  "eval_mse": 10.91552720564679,
  "pred_cnt": 121.62341772151899,
  "gt_cnt": 124.07594936708861,
  "checkpoint": "outputs/SHB/vgg16_bn_paper/best_checkpoint.pth"
}
