{
  "epoch": 1375,
  "eval_mae": 7.003164556962025,
  "eval_mse": 10.883880776611514,
  "pred_cnt": 122.62341772151899,
  "gt_cnt": 124.07594936708861,
  "checkpoint": "outputs/SHB/vgg16_bn_paper/best_checkpoint.pth"
}
