{
  "epoch": 1375,
  "eval_mae": 7.180379746835443,
  "eval_mse": 10.966721813822586,
  "pred_cnt": 121.23101265822785,
  "gt_cnt": 124.07594936708861,
  "checkpoint": "outputs/SHB/vgg16_bn_paper/best_checkpoint.pth"
}
