{
  "epoch": 475,
  "eval_mae": 55.137362637362635,
  "eval_mse": 85.04843481061991,
  "pred_cnt": 450.6098901098901,
  "gt_cnt": 433.3076923076923,
  "checkpoint": "outputs/SHA/vgg16_bn_drop700_apg_seed42/best_checkpoint.pth",
  "eval_model": "model",
  "tta_flip": false
}
