{
  "epoch": 475,
  "eval_mae": 51.917582417582416,
  "eval_mse": 81.76356291026107,
  "pred_cnt": 439.4230769230769,
  "gt_cnt": 433.3076923076923,
  "checkpoint": "outputs/SHA/vgg16_bn_drop700_apg_seed42/best_checkpoint.pth",
  "eval_model": "model",
  "tta_flip": false
}
