{
  "epoch": 475,
  "eval_mae": 54.379120879120876,
  "eval_mse": 84.05156057542796,
  "pred_cnt": 448.3131868131868,
  "gt_cnt": 433.3076923076923,
  "checkpoint": "outputs/SHA/vgg16_bn_drop700_apg_seed42/best_checkpoint.pth",
  "eval_model": "model",
  "tta_flip": false
}
