{
  "epoch": 475,
  "eval_mae": 52.989010989010985,
  "eval_mse": 82.69651918741371,
  "pred_cnt": 443.9120879120879,
  "gt_cnt": 433.3076923076923,
  "checkpoint": "outputs/SHA/vgg16_bn_drop700_apg_seed42/best_checkpoint.pth",
  "eval_model": "model",
  "tta_flip": false
}
