{
  "epoch": 475,
  "eval_mae": 50.84615384615385,
  "eval_mse": 80.8099792553664,
  "pred_cnt": 434.9340659340659,
  "gt_cnt": 433.3076923076923,
  "checkpoint": "outputs/SHA/vgg16_bn_drop700_apg_seed42/best_checkpoint.pth",
  "eval_model": "model",
  "tta_flip": false
}
