{
  "epoch": 475,
  "eval_mae": 57.05494505494506,
  "eval_mse": 87.44008937992476,
  "pred_cnt": 455.2857142857143,
  "gt_cnt": 433.3076923076923,
  "checkpoint": "outputs/SHA/vgg16_bn_drop700_apg_seed42/best_checkpoint.pth",
  "eval_model": "model",
  "tta_flip": false
}
