{
  "epoch": 475,
  "eval_mae": 55.994505494505496,
  "eval_mse": 86.12631280997554,
  "pred_cnt": 452.92857142857144,
  "gt_cnt": 433.3076923076923,
  "checkpoint": "outputs/SHA/vgg16_bn_drop700_apg_seed42/best_checkpoint.pth",
  "eval_model": "model",
  "tta_flip": false
}
