{
  "backbone": "convnext_base",
  "checkpoint": "outputs/SHA/results/convnext_base/final_train/best_checkpoint.pth",
  "eval_mae": 56.25824175824176,
  "eval_mse": 88.8434541238652,
  "train_best_mae": 56.25824175824176,
  "train_best_mse": 88.8434541238652,
  "best_epoch": 260,
  "total_epochs": 261,
  "optuna_search_mae": 64.55494505494505
}
