{
  "backbone": "pvtv2_b1",
  "checkpoint": "outputs/SHA/results/pvtv2_b1/final_train/best_checkpoint.pth",
  "eval_mae": 63.93956043956044,
  "eval_mse": 105.5358644315698,
  "train_best_mae": 63.93956043956044,
  "train_best_mse": 105.5358644315698,
  "best_epoch": 135,
  "total_epochs": 136,
  "optuna_search_mae": 64.1923076923077
}
