{
  "epoch": 370,
  "eval_mae": 51.73626373626374,
  "eval_mse": 84.1347689166574,
  "pred_cnt": 419.4175824175824,
  "gt_cnt": 433.3076923076923,
  "checkpoint": "outputs/SHA/outputs/SHA/vgg16_bn_step_drop700/best_checkpoint.pth",
  "eval_model": "model"
}
