{
  "backbone": "convnextv2_tiny",
  "dataset_file": "SHA",
  "trials": 5,
  "trials_completed": 5,
  "seed_aggregate": "mean",
  "extra_args": "--epochs 150 --patch_size 256",
  "best_value": 54.86813186813187,
  "best_params": {
    "lr": 8.319198418894297e-05,
    "lr_backbone": 2.4696008118163784e-05,
    "batch_size": 4,
    "warmup": 8,
    "score_threshold": 0.5793135366909947
  },
  "best_trial_number": 3,
  "per_seed_mae": [
    54.86813186813187
  ]
}