{
  "epoch": 585,
  "eval_mae": 51.62637362637363,
  "eval_mse": 80.91964539584322,
  "pred_cnt": 434.8901098901099,
  "gt_cnt": 433.3076923076923,
  "checkpoint": "outputs/SHA/vgg16_bn_drop700_apg_lc_seed42/best_checkpoint.pth",
  "eval_model": "model",
  "tta_flip": false,
  "eval_nms_radius": 0.0,
  "eval_branch_gate": "pred"
}
