{
  "epoch": 585,
  "eval_mae": 51.604395604395606,
  "eval_mse": 80.76271035951792,
  "pred_cnt": 428.2307692307692,
  "gt_cnt": 433.3076923076923,
  "checkpoint": "outputs/SHA/vgg16_bn_drop700_apg_lc_seed42/best_checkpoint.pth",
  "eval_model": "model",
  "tta_flip": false,
  "eval_nms_radius": 0.0,
  "eval_branch_gate": "pred"
}
