{
  "epoch": 585,
  "eval_mae": 52.46153846153846,
  "eval_mse": 82.5563410680818,
  "pred_cnt": 414.5164835164835,
  "gt_cnt": 433.3076923076923,
  "checkpoint": "outputs/SHA/vgg16_bn_drop700_apg_lc_seed42/best_checkpoint.pth",
  "eval_model": "model",
  "tta_flip": false,
  "eval_nms_radius": 0.0,
  "eval_branch_gate": "pred"
}
