{
  "epoch": 585,
  "eval_mae": 51.45054945054945,
  "eval_mse": 80.64751687449514,
  "pred_cnt": 424.5824175824176,
  "gt_cnt": 433.3076923076923,
  "checkpoint": "outputs/SHA/vgg16_bn_drop700_apg_lc_seed42/best_checkpoint.pth",
  "eval_model": "model",
  "tta_flip": false,
  "eval_nms_radius": 0.0,
  "eval_branch_gate": "pred"
}
