{
  "epoch": 585,
  "eval_mae": 51.85164835164835,
  "eval_mse": 81.07237981723966,
  "pred_cnt": 418.34615384615387,
  "gt_cnt": 433.3076923076923,
  "checkpoint": "outputs/SHA/vgg16_bn_drop700_apg_lc_seed42/best_checkpoint.pth",
  "eval_model": "model",
  "tta_flip": false,
  "eval_nms_radius": 0.0,
  "eval_branch_gate": "pred"
}
