{
  "epoch": 585,
  "eval_mae": 53.37362637362637,
  "eval_mse": 83.57979670699383,
  "pred_cnt": 451.25274725274727,
  "gt_cnt": 433.3076923076923,
  "checkpoint": "outputs/SHA/vgg16_bn_drop700_apg_lc_seed42/best_checkpoint.pth",
  "eval_model": "model",
  "tta_flip": false,
  "eval_nms_radius": 0.0,
  "eval_branch_gate": "none"
}
