{
  "epoch": 585,
  "eval_mae": 55.214285714285715,
  "eval_mse": 86.2582692325148,
  "pred_cnt": 456.33516483516485,
  "gt_cnt": 433.3076923076923,
  "checkpoint": "outputs/SHA/vgg16_bn_drop700_apg_lc_seed42/best_checkpoint.pth",
  "eval_model": "model",
  "tta_flip": false,
  "eval_nms_radius": 0.0,
  "eval_branch_gate": "none"
}
