{
  "epoch": 585,
  "eval_mae": 51.73076923076923,
  "eval_mse": 80.85453632268288,
  "pred_cnt": 421.4010989010989,
  "gt_cnt": 433.3076923076923,
  "checkpoint": "outputs/SHA/vgg16_bn_drop700_apg_lc_seed42/best_checkpoint.pth",
  "eval_model": "model",
  "tta_flip": false,
  "eval_nms_radius": 0.0,
  "eval_branch_gate": "pred"
}
