{
  "epoch": 585,
  "eval_mae": 52.36813186813187,
  "eval_mse": 82.98176020953356,
  "pred_cnt": 444.2692307692308,
  "gt_cnt": 433.3076923076923,
  "checkpoint": "outputs/SHA/vgg16_bn_drop700_apg_lc_seed42/best_checkpoint.pth",
  "eval_model": "model",
  "tta_flip": false,
  "eval_nms_radius": 0.0,
  "eval_branch_gate": "pred"
}
