{
  "epoch": 585,
  "eval_mae": 52.604395604395606,
  "eval_mse": 82.54256311306746,
  "pred_cnt": 413.14285714285717,
  "gt_cnt": 433.3076923076923,
  "checkpoint": "outputs/SHA/vgg16_bn_drop700_apg_lc_seed42/best_checkpoint.pth",
  "eval_model": "model",
  "tta_flip": false,
  "eval_nms_radius": 0.0,
  "eval_branch_gate": "pred"
}
