{
  "backbone": "maxvit_rmlp_tiny",
  "checkpoint": "outputs/SHA/results/maxvit_rmlp_tiny/final_train/best_checkpoint.pth",
  "eval_mae": 60.70879120879121,
  "eval_mse": 103.32039680336307,
  "train_best_mae": 60.70879120879121,
  "train_best_mse": 103.32039680336307,
  "best_epoch": 560,
  "total_epochs": 561,
  "optuna_search_mae": 64.84615384615384
}
