{
  "backbone": "maxvit_rmlp_tiny",
  "dataset_file": "SHA",
  "trials": 5,
  "trials_completed": 5,
  "seed_aggregate": "mean",
  "extra_args": "--epochs 150 --patch_size 256",
  "best_value": 64.84615384615384,
  "best_params": {
    "lr": 7.285120757917776e-06,
    "lr_backbone": 1.1502749768594986e-05,
    "batch_size": 8,
    "warmup": 10,
    "score_threshold": 0.5449662261206536
  },
  "best_trial_number": 1,
  "per_seed_mae": [
    64.84615384615384
  ]
}