{
  "backbone": "resnet101",
  "checkpoint": "outputs/SHA/results/resnet101/final_train/best_checkpoint.pth",
  "eval_mae": 66.62087912087912,
  "eval_mse": 113.00337931346893,
  "train_best_mae": 66.62087912087912,
  "train_best_mse": 113.00337931346893,
  "best_epoch": 430,
  "total_epochs": 431,
  "optuna_search_mae": 67.42307692307692
}
