{
  "backbone": "resnet101",
  "dataset_file": "SHA",
  "trials": 5,
  "trials_completed": 5,
  "seed_aggregate": "mean",
  "extra_args": "--epochs 150 --patch_size 256",
  "best_value": 67.42307692307692,
  "best_params": {
    "lr": 0.00010666547723824768,
    "lr_backbone": 7.244104914128656e-05,
    "batch_size": 8,
    "warmup": 0,
    "score_threshold": 0.30305810015976364
  },
  "best_trial_number": 3,
  "per_seed_mae": [
    67.42307692307692
  ]
}