{
  "backbone": "maxvit_tiny",
  "checkpoint": "outputs/SHA/results/maxvit_tiny/final_train/best_checkpoint.pth",
  "eval_mae": 75.3021978021978,
  "eval_mse": 118.5592308038105,
  "train_best_mae": 75.3021978021978,
  "train_best_mse": 118.5592308038105,
  "best_epoch": 710,
  "total_epochs": 711,
  "optuna_search_mae": 129.1098901098901
}
