{
  "epoch": 370,
  "eval_mae": 52.43956043956044,
  "eval_mse": 83.67033688664864,
  "pred_cnt": 432.5934065934066,
  "gt_cnt": 433.3076923076923,
  "checkpoint": "outputs/SHA/vgg16_bn_step_deterministic/best_checkpoint.pth",
  "eval_model": "model"
}
