{
  "epoch": 370,
  "eval_mae": 56.41208791208791,
  "eval_mse": 91.66593073297656,
  "pred_cnt": 397.36813186813185,
  "gt_cnt": 433.3076923076923,
  "checkpoint": "outputs/SHA/vgg16_bn_step_deterministic/best_checkpoint.pth",
  "eval_model": "model"
}
