{
  "epoch": 370,
  "eval_mae": 55.75824175824176,
  "eval_mse": 86.8054538216742,
  "pred_cnt": 446.032967032967,
  "gt_cnt": 433.3076923076923,
  "checkpoint": "outputs/SHA/vgg16_bn_step_deterministic/best_checkpoint.pth",
  "eval_model": "model"
}
