{
  "epoch": 370,
  "eval_mae": 53.7032967032967,
  "eval_mse": 87.78632900651195,
  "pred_cnt": 405.1868131868132,
  "gt_cnt": 433.3076923076923,
  "checkpoint": "outputs/SHA/vgg16_bn_step_deterministic/best_checkpoint.pth",
  "eval_model": "model"
}
