{
  "epoch": 370,
  "eval_mae": 53.29120879120879,
  "eval_mse": 84.24261796334847,
  "pred_cnt": 435.6208791208791,
  "gt_cnt": 433.3076923076923,
  "checkpoint": "outputs/SHA/vgg16_bn_step_deterministic/best_checkpoint.pth",
  "eval_model": "model"
}
