{
  "epoch": 370,
  "eval_mae": 55.92857142857143,
  "eval_mse": 86.841746936534,
  "pred_cnt": 445.8626373626374,
  "gt_cnt": 433.3076923076923,
  "checkpoint": "outputs/SHA/vgg16_bn_step_deterministic/best_checkpoint.pth",
  "eval_model": "model"
}
