{
  "epoch": 370,
  "eval_mae": 51.57692307692308,
  "eval_mse": 83.3800711425474,
  "pred_cnt": 425.92857142857144,
  "gt_cnt": 433.3076923076923,
  "checkpoint": "outputs/SHA/vgg16_bn_step_deterministic/best_checkpoint.pth",
  "eval_model": "model"
}
