{
  "epoch": 370,
  "eval_mae": 52.92307692307692,
  "eval_mse": 86.4772090918046,
  "pred_cnt": 408.9010989010989,
  "gt_cnt": 433.3076923076923,
  "checkpoint": "outputs/SHA/vgg16_bn_step_deterministic/best_checkpoint.pth",
  "eval_model": "model"
}
