{
  "epoch": 370,
  "eval_mae": 52.24175824175824,
  "eval_mse": 85.33759719200849,
  "pred_cnt": 412.43956043956047,
  "gt_cnt": 433.3076923076923,
  "checkpoint": "outputs/SHA/vgg16_bn_step_deterministic/best_checkpoint.pth",
  "eval_model": "model"
}
