{
  "epoch": 370,
  "eval_mae": 53.84065934065934,
  "eval_mse": 87.86881455572603,
  "pred_cnt": 405.04945054945057,
  "gt_cnt": 433.3076923076923,
  "checkpoint": "outputs/SHA/vgg16_bn_step_deterministic/best_checkpoint.pth",
  "eval_model": "model"
}
