{
  "epoch": 370,
  "eval_mae": 52.175824175824175,
  "eval_mse": 84.77209265028021,
  "pred_cnt": 415.7692307692308,
  "gt_cnt": 433.3076923076923,
  "checkpoint": "outputs/SHA/vgg16_bn_step_deterministic/best_checkpoint.pth",
  "eval_model": "model"
}
