{
  "epoch": 370,
  "eval_mae": 56.28021978021978,
  "eval_mse": 91.58149556362535,
  "pred_cnt": 397.5,
  "gt_cnt": 433.3076923076923,
  "checkpoint": "outputs/SHA/vgg16_bn_step_deterministic/best_checkpoint.pth",
  "eval_model": "model"
}
