{
  "epoch": 370,
  "eval_mae": 59.527472527472526,
  "eval_mse": 95.54367277111241,
  "pred_cnt": 391.1868131868132,
  "gt_cnt": 433.3076923076923,
  "checkpoint": "outputs/SHA/vgg16_bn_step_deterministic/best_checkpoint.pth",
  "eval_model": "model"
}
