{
  "epoch": 370,
  "eval_mae": 51.63186813186813,
  "eval_mse": 83.61946116613217,
  "pred_cnt": 422.63186813186815,
  "gt_cnt": 433.3076923076923,
  "checkpoint": "outputs/SHA/vgg16_bn_step_deterministic/best_checkpoint.pth",
  "eval_model": "model"
}
