{
  "epoch": 370,
  "eval_mae": 58.43956043956044,
  "eval_mse": 89.89047059225301,
  "pred_cnt": 453.5934065934066,
  "gt_cnt": 433.3076923076923,
  "checkpoint": "outputs/SHA/vgg16_bn_step_deterministic/best_checkpoint.pth",
  "eval_model": "model"
}
