{
  "epoch": 370,
  "eval_mae": 52.604395604395606,
  "eval_mse": 83.73138631925937,
  "pred_cnt": 432.42857142857144,
  "gt_cnt": 433.3076923076923,
  "checkpoint": "outputs/SHA/vgg16_bn_step_deterministic/best_checkpoint.pth",
  "eval_model": "model"
}
