{
  "epoch": 370,
  "eval_mae": 59.4010989010989,
  "eval_mse": 95.4611997585441,
  "pred_cnt": 391.3131868131868,
  "gt_cnt": 433.3076923076923,
  "checkpoint": "outputs/SHA/vgg16_bn_step_deterministic/best_checkpoint.pth",
  "eval_model": "model"
}
