{
  "epoch": 370,
  "eval_mae": 54.78021978021978,
  "eval_mse": 89.520517631005,
  "pred_cnt": 401.4065934065934,
  "gt_cnt": 433.3076923076923,
  "checkpoint": "outputs/SHA/vgg16_bn_step_deterministic/best_checkpoint.pth",
  "eval_model": "model"
}
