{
  "epoch": 370,
  "eval_mae": 51.88461538461539,
  "eval_mse": 84.20712950422107,
  "pred_cnt": 419.2692307692308,
  "gt_cnt": 433.3076923076923,
  "checkpoint": "outputs/SHA/vgg16_bn_step_deterministic/best_checkpoint.pth",
  "eval_model": "model"
}
