{
  "epoch": 370,
  "eval_mae": 55.005494505494504,
  "eval_mse": 85.8535361550686,
  "pred_cnt": 442.4230769230769,
  "gt_cnt": 433.3076923076923,
  "checkpoint": "outputs/SHA/vgg16_bn_step_deterministic/best_checkpoint.pth",
  "eval_model": "model"
}
