{
  "epoch": 370,
  "eval_mae": 52.032967032967036,
  "eval_mse": 84.6973279545309,
  "pred_cnt": 415.9120879120879,
  "gt_cnt": 433.3076923076923,
  "checkpoint": "outputs/SHA/vgg16_bn_step_deterministic/best_checkpoint.pth",
  "eval_model": "model"
}
