{
  "epoch": 370,
  "eval_mae": 52.38461538461539,
  "eval_mse": 85.41521083365797,
  "pred_cnt": 412.2967032967033,
  "gt_cnt": 433.3076923076923,
  "checkpoint": "outputs/SHA/vgg16_bn_step_deterministic/best_checkpoint.pth",
  "eval_model": "model"
}
