{
  "epoch": 370,
  "eval_mae": 54.09340659340659,
  "eval_mse": 84.84488108397493,
  "pred_cnt": 438.96153846153845,
  "gt_cnt": 433.3076923076923,
  "checkpoint": "outputs/SHA/vgg16_bn_step_deterministic/best_checkpoint.pth",
  "eval_model": "model"
}
