{
  "epoch": 370,
  "eval_mae": 51.895604395604394,
  "eval_mse": 83.4419914315684,
  "pred_cnt": 429.3901098901099,
  "gt_cnt": 433.3076923076923,
  "checkpoint": "outputs/SHA/vgg16_bn_step_deterministic/best_checkpoint.pth",
  "eval_model": "model"
}
