{
  "epoch": 370,
  "eval_mae": 51.78021978021978,
  "eval_mse": 83.6879998487317,
  "pred_cnt": 422.4835164835165,
  "gt_cnt": 433.3076923076923,
  "checkpoint": "outputs/SHA/vgg16_bn_step_deterministic/best_checkpoint.pth",
  "eval_model": "model"
}
