{
  "epoch": 280,
  "eval_mae": 52.92307692307692,
  "eval_mse": 87.68475001170606,
  "pred_cnt": 410.7912087912088,
  "gt_cnt": 433.3076923076923,
  "checkpoint": "outputs/SHA/vgg16_bn_drop700_apg_lc_gtqd_seed42_long/best_checkpoint.pth",
  "eval_model": "model",
  "tta_flip": false
}
