{
  "epoch": 280,
  "eval_mae": 52.69230769230769,
  "eval_mse": 86.62277699603895,
  "pred_cnt": 415.24175824175825,
  "gt_cnt": 433.3076923076923,
  "checkpoint": "outputs/SHA/vgg16_bn_drop700_apg_lc_gtqd_seed42_long/best_checkpoint.pth",
  "eval_model": "model",
  "tta_flip": false
}
