{
  "epoch": 280,
  "eval_mae": 55.74175824175824,
  "eval_mse": 91.39694250302414,
  "pred_cnt": 401.18131868131866,
  "gt_cnt": 433.3076923076923,
  "checkpoint": "outputs/SHA/vgg16_bn_drop700_apg_lc_gtqd_seed42_long/best_checkpoint.pth",
  "eval_model": "model",
  "tta_flip": false
}
