{
  "epoch": 280,
  "eval_mae": 52.28021978021978,
  "eval_mse": 85.10584876790487,
  "pred_cnt": 424.25824175824175,
  "gt_cnt": 433.3076923076923,
  "checkpoint": "outputs/SHA/vgg16_bn_drop700_apg_lc_gtqd_seed42_long/best_checkpoint.pth",
  "eval_model": "model",
  "tta_flip": false
}
