{
  "epoch": 280,
  "eval_mae": 57.73626373626374,
  "eval_mse": 93.83911881395849,
  "pred_cnt": 395.989010989011,
  "gt_cnt": 433.3076923076923,
  "checkpoint": "outputs/SHA/vgg16_bn_drop700_apg_lc_gtqd_seed42_long/best_checkpoint.pth",
  "eval_model": "model",
  "tta_flip": false
}
