{
  "epoch": 280,
  "eval_mae": 52.77472527472528,
  "eval_mse": 87.11180765526011,
  "pred_cnt": 413.1263736263736,
  "gt_cnt": 433.3076923076923,
  "checkpoint": "outputs/SHA/vgg16_bn_drop700_apg_lc_gtqd_seed42_long/best_checkpoint.pth",
  "eval_model": "model",
  "tta_flip": false
}
