{
  "epoch": 280,
  "eval_mae": 52.395604395604394,
  "eval_mse": 85.41173710424601,
  "pred_cnt": 421.9010989010989,
  "gt_cnt": 433.3076923076923,
  "checkpoint": "outputs/SHA/vgg16_bn_drop700_apg_lc_gtqd_seed42_long/best_checkpoint.pth",
  "eval_model": "model",
  "tta_flip": false
}
