{
  "epoch": 280,
  "eval_mae": 61.24175824175824,
  "eval_mse": 98.93937537704592,
  "pred_cnt": 387.74725274725273,
  "gt_cnt": 433.3076923076923,
  "checkpoint": "outputs/SHA/vgg16_bn_drop700_apg_lc_gtqd_seed42_long/best_checkpoint.pth",
  "eval_model": "model",
  "tta_flip": false
}
