{
  "backbone": "efficientnetv2_small",
  "dataset_file": "SHA",
  "trials": 5,
  "trials_completed": 5,
  "seed_aggregate": "mean",
  "extra_args": "--epochs 150 --patch_size 256",
  "best_value": 131.96153846153845,
  "best_params": {
    "lr": 0.00010710949549542847,
    "lr_backbone": 3.6674914774436135e-06,
    "batch_size": 4,
    "warmup": 1,
    "score_threshold": 0.489204844772454
  },
  "best_trial_number": 0,
  "per_seed_mae": [
    131.96153846153845
  ]
}