{
  "epoch": 40,
  "eval_mae": 54.5,
  "eval_mse": 87.18677059642116,
  "pred_cnt": 443.92857142857144,
  "gt_cnt": 433.3076923076923,
  "checkpoint": "outputs/SHA/vgg16_bn_apg_s055_ft_seed42/best_checkpoint.pth",
  "eval_model": "model",
  "tta_flip": false
}
