{
  "epoch": 40,
  "eval_mae": 56.40659340659341,
  "eval_mse": 89.51272240596569,
  "pred_cnt": 450.13186813186815,
  "gt_cnt": 433.3076923076923,
  "checkpoint": "outputs/SHA/vgg16_bn_apg_s055_ft_seed42/best_checkpoint.pth",
  "eval_model": "model",
  "tta_flip": false
}
