{
  "epoch": 40,
  "eval_mae": 53.989010989010985,
  "eval_mse": 86.57144670510817,
  "pred_cnt": 441.94505494505495,
  "gt_cnt": 433.3076923076923,
  "checkpoint": "outputs/SHA/vgg16_bn_apg_s055_ft_seed42/best_checkpoint.pth",
  "eval_model": "model",
  "tta_flip": false
}
