{
  "epoch": 40,
  "eval_mae": 55.06043956043956,
  "eval_mse": 87.86800165182838,
  "pred_cnt": 445.9175824175824,
  "gt_cnt": 433.3076923076923,
  "checkpoint": "outputs/SHA/vgg16_bn_apg_s055_ft_seed42/best_checkpoint.pth",
  "eval_model": "model",
  "tta_flip": false
}
