{
  "epoch": 40,
  "eval_mae": 53.58791208791209,
  "eval_mse": 85.95235710733995,
  "pred_cnt": 439.8736263736264,
  "gt_cnt": 433.3076923076923,
  "checkpoint": "outputs/SHA/vgg16_bn_apg_s055_ft_seed42/best_checkpoint.pth",
  "eval_model": "model",
  "tta_flip": false
}
