{
  "epoch": 585,
  "eval_mae": 58.285714285714285,
  "eval_mse": 104.4066963453889,
  "pred_cnt": 410.8241758241758,
  "gt_cnt": 433.3076923076923,
  "checkpoint": "outputs/SHA/vgg16_bn_drop700_apg_lc_seed42/best_checkpoint.pth",
  "eval_model": "model",
  "tta_flip": false,
  "eval_nms_radius": 5.0
}
