{
  "epoch": 585,
  "eval_mae": 57.934065934065934,
  "eval_mse": 103.64780813827242,
  "pred_cnt": 413.9010989010989,
  "gt_cnt": 433.3076923076923,
  "checkpoint": "outputs/SHA/vgg16_bn_drop700_apg_lc_seed42/best_checkpoint.pth",
  "eval_model": "model",
  "tta_flip": false,
  "eval_nms_radius": 5.0
}
