{
  "epoch": 585,
  "eval_mae": 50.75824175824176,
  "eval_mse": 79.55370015776268,
  "pred_cnt": 430.032967032967,
  "gt_cnt": 433.3076923076923,
  "checkpoint": "outputs/SHA/vgg16_bn_drop700_apg_lc_seed42/best_checkpoint.pth",
  "eval_model": "model",
  "tta_flip": false,
  "eval_nms_radius": 3.0
}
