{
  "epoch": 585,
  "eval_mae": 58.92857142857143,
  "eval_mse": 105.77056342816789,
  "pred_cnt": 406.1043956043956,
  "gt_cnt": 433.3076923076923,
  "checkpoint": "outputs/SHA/vgg16_bn_drop700_apg_lc_seed42/best_checkpoint.pth",
  "eval_model": "model",
  "tta_flip": false,
  "eval_nms_radius": 5.0
}
