{
  "epoch": 585,
  "eval_mae": 51.53846153846154,
  "eval_mse": 80.79617551606003,
  "pred_cnt": 441.7142857142857,
  "gt_cnt": 433.3076923076923,
  "checkpoint": "outputs/SHA/vgg16_bn_drop700_apg_lc_seed42/best_checkpoint.pth",
  "eval_model": "model",
  "tta_flip": false,
  "eval_nms_radius": 2.0
}
