{
  "epoch": 585,
  "eval_mae": 50.56043956043956,
  "eval_mse": 79.27556612611092,
  "pred_cnt": 429.5824175824176,
  "gt_cnt": 433.3076923076923,
  "checkpoint": "outputs/SHA/vgg16_bn_drop700_apg_lc_seed42/best_checkpoint.pth",
  "eval_model": "model",
  "tta_flip": false,
  "eval_nms_radius": 2.0
}
