{
  "epoch": 585,
  "eval_mae": 76.50549450549451,
  "eval_mse": 150.04742839925905,
  "pred_cnt": 375.24175824175825,
  "gt_cnt": 433.3076923076923,
  "checkpoint": "outputs/SHA/vgg16_bn_drop700_apg_lc_seed42/best_checkpoint.pth",
  "eval_model": "model",
  "tta_flip": false,
  "eval_nms_radius": 8.0
}
