{
  "epoch": 585,
  "eval_mae": 52.80769230769231,
  "eval_mse": 85.91930151966072,
  "pred_cnt": 428.5,
  "gt_cnt": 433.3076923076923,
  "checkpoint": "outputs/SHA/vgg16_bn_drop700_apg_lc_seed42/best_checkpoint.pth",
  "eval_model": "model",
  "tta_flip": false,
  "eval_nms_radius": 4.0
}
