{
  "epoch": 585,
  "eval_mae": 50.62637362637363,
  "eval_mse": 79.61832027289275,
  "pred_cnt": 426.85714285714283,
  "gt_cnt": 433.3076923076923,
  "checkpoint": "outputs/SHA/vgg16_bn_drop700_apg_lc_seed42/best_checkpoint.pth",
  "eval_model": "model",
  "tta_flip": false,
  "eval_nms_radius": 3.0
}
