{
  "epoch": 585,
  "eval_mae": 77.87362637362638,
  "eval_mse": 152.01986206262148,
  "pred_cnt": 371.4230769230769,
  "gt_cnt": 433.3076923076923,
  "checkpoint": "outputs/SHA/vgg16_bn_drop700_apg_lc_seed42/best_checkpoint.pth",
  "eval_model": "model",
  "tta_flip": false,
  "eval_nms_radius": 8.0
}
