{
  "epoch": 585,
  "eval_mae": 65.1043956043956,
  "eval_mse": 124.58734082765189,
  "pred_cnt": 393.2032967032967,
  "gt_cnt": 433.3076923076923,
  "checkpoint": "outputs/SHA/vgg16_bn_drop700_apg_lc_seed42/best_checkpoint.pth",
  "eval_model": "model",
  "tta_flip": false,
  "eval_nms_radius": 6.0
}
