{
  "epoch": 585,
  "eval_mae": 59.73626373626374,
  "eval_mse": 107.69028648024762,
  "pred_cnt": 400.27472527472526,
  "gt_cnt": 433.3076923076923,
  "checkpoint": "outputs/SHA/vgg16_bn_drop700_apg_lc_seed42/best_checkpoint.pth",
  "eval_model": "model",
  "tta_flip": false,
  "eval_nms_radius": 5.0
}
