{
  "epoch": 585,
  "eval_mae": 51.23076923076923,
  "eval_mse": 80.28808021229443,
  "pred_cnt": 438.24175824175825,
  "gt_cnt": 433.3076923076923,
  "checkpoint": "outputs/SHA/vgg16_bn_drop700_apg_lc_seed42/best_checkpoint.pth",
  "eval_model": "model",
  "tta_flip": false,
  "eval_nms_radius": 2.0
}
