{
  "epoch": 585,
  "eval_mae": 52.90659340659341,
  "eval_mse": 86.25871511949349,
  "pred_cnt": 421.81868131868134,
  "gt_cnt": 433.3076923076923,
  "checkpoint": "outputs/SHA/vgg16_bn_drop700_apg_lc_seed42/best_checkpoint.pth",
  "eval_model": "model",
  "tta_flip": false,
  "eval_nms_radius": 4.0
}
