{
  "epoch": 585,
  "eval_mae": 105.79120879120879,
  "eval_mse": 201.9895819313244,
  "pred_cnt": 337.1868131868132,
  "gt_cnt": 433.3076923076923,
  "checkpoint": "outputs/SHA/vgg16_bn_drop700_apg_lc_seed42/best_checkpoint.pth",
  "eval_model": "model",
  "tta_flip": false,
  "eval_nms_radius": 10.0
}
