{
  "epoch": 585,
  "eval_mae": 64.62637362637362,
  "eval_mse": 123.91662386592716,
  "pred_cnt": 394.56043956043953,
  "gt_cnt": 433.3076923076923,
  "checkpoint": "outputs/SHA/vgg16_bn_drop700_apg_lc_seed42/best_checkpoint.pth",
  "eval_model": "model",
  "tta_flip": false,
  "eval_nms_radius": 6.0
}
