{
  "epoch": 585,
  "eval_mae": 80.62087912087912,
  "eval_mse": 155.48751760790358,
  "pred_cnt": 365.0934065934066,
  "gt_cnt": 433.3076923076923,
  "checkpoint": "outputs/SHA/vgg16_bn_drop700_apg_lc_seed42/best_checkpoint.pth",
  "eval_model": "model",
  "tta_flip": false,
  "eval_nms_radius": 8.0
}
