{
  "epoch": 585,
  "eval_mae": 50.434065934065934,
  "eval_mse": 79.21222710590155,
  "pred_cnt": 427.54395604395603,
  "gt_cnt": 433.3076923076923,
  "checkpoint": "outputs/SHA/vgg16_bn_drop700_apg_lc_seed42/best_checkpoint.pth",
  "eval_model": "model",
  "tta_flip": false,
  "eval_nms_radius": 0.0
}
