{
  "epoch": 585,
  "eval_mae": 109.87362637362638,
  "eval_mse": 205.97357933632017,
  "pred_cnt": 330.9945054945055,
  "gt_cnt": 433.3076923076923,
  "checkpoint": "outputs/SHA/vgg16_bn_drop700_apg_lc_seed42/best_checkpoint.pth",
  "eval_model": "model",
  "tta_flip": false,
  "eval_nms_radius": 10.0
}
