{
  "epoch": 585,
  "eval_mae": 51.12637362637363,
  "eval_mse": 80.37067285362899,
  "pred_cnt": 438.7087912087912,
  "gt_cnt": 433.3076923076923,
  "checkpoint": "outputs/SHA/vgg16_bn_drop700_apg_lc_seed42/best_checkpoint.pth",
  "eval_model": "model",
  "tta_flip": false,
  "eval_nms_radius": 3.0
}
