{
  "epoch": 585,
  "eval_mae": 63.28021978021978,
  "eval_mse": 121.86966105522033,
  "pred_cnt": 400.5769230769231,
  "gt_cnt": 433.3076923076923,
  "checkpoint": "outputs/SHA/vgg16_bn_drop700_apg_lc_seed42/best_checkpoint.pth",
  "eval_model": "model",
  "tta_flip": false,
  "eval_nms_radius": 6.0
}
