{
  "epoch": 585,
  "eval_mae": 50.81868131868132,
  "eval_mse": 79.40890834959718,
  "pred_cnt": 432.8076923076923,
  "gt_cnt": 433.3076923076923,
  "checkpoint": "outputs/SHA/vgg16_bn_drop700_apg_lc_seed42/best_checkpoint.pth",
  "eval_model": "model",
  "tta_flip": false,
  "eval_nms_radius": 2.0
}
