{
  "epoch": 585,
  "eval_mae": 50.510989010989015,
  "eval_mse": 79.25813301076205,
  "pred_cnt": 427.9175824175824,
  "gt_cnt": 433.3076923076923,
  "checkpoint": "outputs/SHA/vgg16_bn_drop700_apg_lc_seed42/best_checkpoint.pth",
  "eval_model": "model",
  "tta_flip": false,
  "eval_nms_radius": 2.0
}
