{
  "epoch": 585,
  "eval_mae": 67.20879120879121,
  "eval_mse": 127.89036341704974,
  "pred_cnt": 385.97802197802196,
  "gt_cnt": 433.3076923076923,
  "checkpoint": "outputs/SHA/vgg16_bn_drop700_apg_lc_seed42/best_checkpoint.pth",
  "eval_model": "model",
  "tta_flip": false,
  "eval_nms_radius": 6.0
}
