{
  "epoch": 585,
  "eval_mae": 51.02197802197802,
  "eval_mse": 80.07064188769623,
  "pred_cnt": 435.34065934065933,
  "gt_cnt": 433.3076923076923,
  "checkpoint": "outputs/SHA/vgg16_bn_drop700_apg_lc_seed42/best_checkpoint.pth",
  "eval_model": "model",
  "tta_flip": false,
  "eval_nms_radius": 3.0
}
