{
  "epoch": 585,
  "eval_mae": 59.08791208791209,
  "eval_mse": 106.05171867050073,
  "pred_cnt": 404.68131868131866,
  "gt_cnt": 433.3076923076923,
  "checkpoint": "outputs/SHA/vgg16_bn_drop700_apg_lc_seed42/best_checkpoint.pth",
  "eval_model": "model",
  "tta_flip": false,
  "eval_nms_radius": 5.0
}
