{
  "epoch": 585,
  "eval_mae": 104.62637362637362,
  "eval_mse": 200.67591827577164,
  "pred_cnt": 339.31868131868134,
  "gt_cnt": 433.3076923076923,
  "checkpoint": "outputs/SHA/vgg16_bn_drop700_apg_lc_seed42/best_checkpoint.pth",
  "eval_model": "model",
  "tta_flip": false,
  "eval_nms_radius": 10.0
}
