{
  "epoch": 585,
  "eval_mae": 53.70879120879121,
  "eval_mse": 87.95462741389156,
  "pred_cnt": 414.1043956043956,
  "gt_cnt": 433.3076923076923,
  "checkpoint": "outputs/SHA/vgg16_bn_drop700_apg_lc_seed42/best_checkpoint.pth",
  "eval_model": "model",
  "tta_flip": false,
  "eval_nms_radius": 4.0
}
