{
  "epoch": 585,
  "eval_mae": 53.42307692307692,
  "eval_mse": 87.18456487044224,
  "pred_cnt": 417.25824175824175,
  "gt_cnt": 433.3076923076923,
  "checkpoint": "outputs/SHA/vgg16_bn_drop700_apg_lc_seed42/best_checkpoint.pth",
  "eval_model": "model",
  "tta_flip": false,
  "eval_nms_radius": 4.0
}
