{
  "epoch": 585,
  "eval_mae": 63.994505494505496,
  "eval_mse": 122.86723380485597,
  "pred_cnt": 397.64285714285717,
  "gt_cnt": 433.3076923076923,
  "checkpoint": "outputs/SHA/vgg16_bn_drop700_apg_lc_seed42/best_checkpoint.pth",
  "eval_model": "model",
  "tta_flip": false,
  "eval_nms_radius": 6.0
}
