{
  "epoch": 585,
  "eval_mae": 50.56043956043956,
  "eval_mse": 79.15522377297313,
  "pred_cnt": 429.2857142857143,
  "gt_cnt": 433.3076923076923,
  "checkpoint": "outputs/SHA/vgg16_bn_drop700_apg_lc_seed42/best_checkpoint.pth",
  "eval_model": "model",
  "tta_flip": false,
  "eval_nms_radius": 0.0
}
