{
  "epoch": 585,
  "eval_mae": 50.879120879120876,
  "eval_mse": 79.52544689152462,
  "pred_cnt": 435.97802197802196,
  "gt_cnt": 433.3076923076923,
  "checkpoint": "outputs/SHA/vgg16_bn_drop700_apg_lc_seed42/best_checkpoint.pth",
  "eval_model": "model",
  "tta_flip": false,
  "eval_nms_radius": 0.0
}
