{
  "epoch": 585,
  "eval_mae": 53.29120879120879,
  "eval_mse": 86.72696197876375,
  "pred_cnt": 418.81868131868134,
  "gt_cnt": 433.3076923076923,
  "checkpoint": "outputs/SHA/vgg16_bn_drop700_apg_lc_seed42/best_checkpoint.pth",
  "eval_model": "model",
  "tta_flip": false,
  "eval_nms_radius": 4.0
}
