{
  "epoch": 585,
  "eval_mae": 65.37362637362638,
  "eval_mse": 124.99582410607182,
  "pred_cnt": 391.83516483516485,
  "gt_cnt": 433.3076923076923,
  "checkpoint": "outputs/SHA/vgg16_bn_drop700_apg_lc_seed42/best_checkpoint.pth",
  "eval_model": "model",
  "tta_flip": false,
  "eval_nms_radius": 6.0
}
