{
  "epoch": 585,
  "eval_mae": 50.45054945054945,
  "eval_mse": 79.36423198570826,
  "pred_cnt": 426.2087912087912,
  "gt_cnt": 433.3076923076923,
  "checkpoint": "outputs/SHA/vgg16_bn_drop700_apg_lc_seed42/best_checkpoint.pth",
  "eval_model": "model",
  "tta_flip": false,
  "eval_nms_radius": 2.0
}
