{
  "epoch": 585,
  "eval_mae": 106.47252747252747,
  "eval_mse": 202.68939047465955,
  "pred_cnt": 336.1758241758242,
  "gt_cnt": 433.3076923076923,
  "checkpoint": "outputs/SHA/vgg16_bn_drop700_apg_lc_seed42/best_checkpoint.pth",
  "eval_model": "model",
  "tta_flip": false,
  "eval_nms_radius": 10.0
}
