{
  "epoch": 585,
  "eval_mae": 53.494505494505496,
  "eval_mse": 87.55268429621405,
  "pred_cnt": 415.6923076923077,
  "gt_cnt": 433.3076923076923,
  "checkpoint": "outputs/SHA/vgg16_bn_drop700_apg_lc_seed42/best_checkpoint.pth",
  "eval_model": "model",
  "tta_flip": false,
  "eval_nms_radius": 4.0
}
