{
  "epoch": 585,
  "eval_mae": 78.89010989010988,
  "eval_mse": 153.39566737437787,
  "pred_cnt": 368.94505494505495,
  "gt_cnt": 433.3076923076923,
  "checkpoint": "outputs/SHA/vgg16_bn_drop700_apg_lc_seed42/best_checkpoint.pth",
  "eval_model": "model",
  "tta_flip": false,
  "eval_nms_radius": 8.0
}
