{
  "epoch": 585,
  "eval_mae": 60.25824175824176,
  "eval_mse": 108.5516790886582,
  "pred_cnt": 398.54395604395603,
  "gt_cnt": 433.3076923076923,
  "checkpoint": "outputs/SHA/vgg16_bn_drop700_apg_lc_seed42/best_checkpoint.pth",
  "eval_model": "model",
  "tta_flip": false,
  "eval_nms_radius": 5.0
}
