{
  "epoch": 585,
  "eval_mae": 59.30769230769231,
  "eval_mse": 106.70762148748553,
  "pred_cnt": 403.1868131868132,
  "gt_cnt": 433.3076923076923,
  "checkpoint": "outputs/SHA/vgg16_bn_drop700_apg_lc_seed42/best_checkpoint.pth",
  "eval_model": "model",
  "tta_flip": false,
  "eval_nms_radius": 5.0
}
