{
  "epoch": 585,
  "eval_mae": 78.2967032967033,
  "eval_mse": 152.52346243580558,
  "pred_cnt": 370.2197802197802,
  "gt_cnt": 433.3076923076923,
  "checkpoint": "outputs/SHA/vgg16_bn_drop700_apg_lc_seed42/best_checkpoint.pth",
  "eval_model": "model",
  "tta_flip": false,
  "eval_nms_radius": 8.0
}
