{
  "epoch": 585,
  "eval_mae": 50.73626373626374,
  "eval_mse": 79.4260316615057,
  "pred_cnt": 434.4945054945055,
  "gt_cnt": 433.3076923076923,
  "checkpoint": "outputs/SHA/vgg16_bn_drop700_apg_lc_seed42/best_checkpoint.pth",
  "eval_model": "model",
  "tta_flip": false,
  "eval_nms_radius": 2.0
}
