{
  "epoch": 324,
  "test_mae": 71.78,
  "test_mse": 586.6520672425863,
  "pred_cnt": 358.464,
  "gt_cnt": 392.476,
  "best_epoch": 300,
  "best_test_mae": 70.278,
  "best_test_mse": 586.289061811663,
  "improved": false,
  "mse_improved": false,
  "lowest_mse": 586.289061811663,
  "best_mse_mae": 70.278,
  "best_mse_epoch": 300,
  "localization_improved": true,
  "best_loc_f1_large": 0.6461235251817722,
  "best_loc_f1_small": 0.5748155644925027,
  "best_loc_mae": 71.78,
  "best_loc_mse": 586.6520672425863,
  "best_loc_epoch": 324,
  "eval_model": "raw",
  "eval_time": 114.65357851982117,
  "source": "eval_before_train",
  "mae": 71.78,
  "dbg_tile_trigger_count": 236.3002207505519,
  "dbg_tile_trigger_skipped": 1.0,
  "dbg_tile_count": 8.0,
  "dbg_tile_final": 2986.818181818182,
  "dbg_tile_used": 1.0,
  "dbg_tile_trigger_count_samples": 453.0,
  "dbg_tile_trigger_count_coverage": 0.906,
  "dbg_tile_trigger_skipped_samples": 462.0,
  "dbg_tile_trigger_skipped_coverage": 0.924,
  "dbg_tile_count_samples": 22.0,
  "dbg_tile_count_coverage": 0.044,
  "dbg_tile_final_samples": 22.0,
  "dbg_tile_final_coverage": 0.044,
  "dbg_tile_used_samples": 22.0,
  "dbg_tile_used_coverage": 0.044,
  "mse": 586.6520672425863,
  "loc_protocol": "target_sigma",
  "loc_threshold_large": 40.62330490558783,
  "loc_tp_large": 121300.0,
  "loc_fp_large": 57932.0,
  "loc_fn_large": 74938.0,
  "loc_prec_large": 0.6767764684877701,
  "loc_rec_large": 0.6181269682732192,
  "loc_f1_large": 0.6461235251817722,
  "loc_threshold_sigma_l": 40.62330490558783,
  "loc_tp_sigma_l": 121300.0,
  "loc_fp_sigma_l": 57932.0,
  "loc_fn_sigma_l": 74938.0,
  "loc_prec_sigma_l": 0.6767764684877701,
  "loc_rec_sigma_l": 0.6181269682732192,
  "loc_f1_sigma_l": 0.6461235251817722,
  "loc_protocol_large": "target_sigma",
  "loc_threshold_small": 26.780918686355832,
  "loc_tp_small": 107913.0,
  "loc_fp_small": 71319.0,
  "loc_fn_small": 88325.0,
  "loc_prec_small": 0.6020855650776648,
  "loc_rec_small": 0.5499087842313924,
  "loc_f1_small": 0.5748155644925027,
  "loc_threshold_sigma_s": 26.780918686355832,
  "loc_tp_sigma_s": 107913.0,
  "loc_fp_sigma_s": 71319.0,
  "loc_fn_sigma_s": 88325.0,
  "loc_prec_sigma_s": 0.6020855650776648,
  "loc_rec_sigma_s": 0.5499087842313924,
  "loc_f1_sigma_s": 0.5748155644925027,
  "loc_protocol_small": "target_sigma"
}
