{
  "epoch": 324,
  "test_mae": 71.78,
  "test_mse": 586.6520672425863,
  "pred_cnt": 358.464,
  "gt_cnt": 392.476,
  "best_epoch": 300,
  "best_test_mae": 70.278,
  "best_test_mse": 586.289061811663,
  "improved": false,
  "mse_improved": false,
  "lowest_mse": 586.289061811663,
  "best_mse_mae": 70.278,
  "best_mse_epoch": 300,
  "localization_improved": false,
  "best_loc_f1_large": 0.6461235251817722,
  "best_loc_f1_small": 0.5748155644925027,
  "best_loc_mae": 71.78,
  "best_loc_mse": 586.6520672425863,
  "best_loc_epoch": 324,
  "eval_model": "raw",
  "eval_time": 113.81294131278992,
  "source": "eval_before_train",
  "mae": 71.78,
  "dbg_tile_trigger_count": 236.3002207505519,
  "dbg_tile_trigger_skipped": 1.0,
  "dbg_tile_count": 8.0,
  "dbg_tile_final": 2986.818181818182,
  "dbg_tile_used": 1.0,
  "dbg_tile_trigger_count_samples": 453.0,
  "dbg_tile_trigger_count_coverage": 0.906,
  "dbg_tile_trigger_skipped_samples": 462.0,
  "dbg_tile_trigger_skipped_coverage": 0.924,
  "dbg_tile_count_samples": 22.0,
  "dbg_tile_count_coverage": 0.044,
  "dbg_tile_final_samples": 22.0,
  "dbg_tile_final_coverage": 0.044,
  "dbg_tile_used_samples": 22.0,
  "dbg_tile_used_coverage": 0.044,
  "mse": 586.6520672425863,
  "loc_protocol": "target_sigma",
  "loc_threshold_large": 21.014757590273035,
  "loc_tp_large": 100475.0,
  "loc_fp_large": 78757.0,
  "loc_fn_large": 95763.0,
  "loc_prec_large": 0.5605862792358507,
  "loc_rec_large": 0.5120058296558261,
  "loc_f1_large": 0.5351958878205981,
  "loc_threshold_sigma_l": 21.014757590273035,
  "loc_tp_sigma_l": 100475.0,
  "loc_fp_sigma_l": 78757.0,
  "loc_fn_sigma_l": 95763.0,
  "loc_prec_sigma_l": 0.5605862792358507,
  "loc_rec_sigma_l": 0.5120058296558261,
  "loc_f1_sigma_l": 0.5351958878205981,
  "loc_protocol_large": "target_sigma",
  "loc_threshold_small": 14.079413773071474,
  "loc_tp_small": 87189.0,
  "loc_fp_small": 92043.0,
  "loc_fn_small": 109049.0,
  "loc_prec_small": 0.48645889126941616,
  "loc_rec_small": 0.44430232676647746,
  "loc_f1_small": 0.46442591951420886,
  "loc_threshold_sigma_s": 14.079413773071474,
  "loc_tp_sigma_s": 87189.0,
  "loc_fp_sigma_s": 92043.0,
  "loc_fn_sigma_s": 109049.0,
  "loc_prec_sigma_s": 0.48645889126941616,
  "loc_rec_sigma_s": 0.44430232676647746,
  "loc_f1_sigma_s": 0.46442591951420886,
  "loc_protocol_small": "target_sigma"
}
