{
  "epoch": 370,
  "eval_mae": 52.25,
  "eval_mse": 84.66748957663025,
  "pred_cnt": 429.58516483516485,
  "gt_cnt": 433.3076923076923,
  "checkpoint": "outputs/SHA/outputs/SHA/vgg16_bn_step_drop700/best_checkpoint.pth",
  "eval_model": "model",
  "tta_flip": true
}
