{
  "epoch": 370,
  "eval_mae": 52.107142857142854,
  "eval_mse": 84.85427877469483,
  "pred_cnt": 422.8873626373626,
  "gt_cnt": 433.3076923076923,
  "checkpoint": "outputs/SHA/outputs/SHA/vgg16_bn_step_drop700/best_checkpoint.pth",
  "eval_model": "model",
  "tta_flip": true
}
