{
  "epoch": 370,
  "eval_mae": 52.112637362637365,
  "eval_mse": 85.20256245179277,
  "pred_cnt": 419.63461538461536,
  "gt_cnt": 433.3076923076923,
  "checkpoint": "outputs/SHA/outputs/SHA/vgg16_bn_step_drop700/best_checkpoint.pth",
  "eval_model": "model",
  "tta_flip": true
}
