{
  "epoch": 370,
  "eval_mae": 52.84340659340659,
  "eval_mse": 85.08493655501795,
  "pred_cnt": 432.9368131868132,
  "gt_cnt": 433.3076923076923,
  "checkpoint": "outputs/SHA/outputs/SHA/vgg16_bn_step_drop700/best_checkpoint.pth",
  "eval_model": "model",
  "tta_flip": true
}
