{
  "epoch": 370,
  "eval_mae": 52.06318681318681,
  "eval_mse": 84.75907193171287,
  "pred_cnt": 426.1236263736264,
  "gt_cnt": 433.3076923076923,
  "checkpoint": "outputs/SHA/outputs/SHA/vgg16_bn_step_drop700/best_checkpoint.pth",
  "eval_model": "model",
  "tta_flip": true
}
