{
  "epoch": 370,
  "eval_mae": 52.07967032967033,
  "eval_mse": 84.75442061147497,
  "pred_cnt": 424.50274725274727,
  "gt_cnt": 433.3076923076923,
  "checkpoint": "outputs/SHA/outputs/SHA/vgg16_bn_step_drop700/best_checkpoint.pth",
  "eval_model": "model",
  "tta_flip": true
}
