{
  "epoch": 370,
  "eval_mae": 52.112637362637365,
  "eval_mse": 84.65275710639486,
  "pred_cnt": 427.8269230769231,
  "gt_cnt": 433.3076923076923,
  "checkpoint": "outputs/SHA/outputs/SHA/vgg16_bn_step_drop700/best_checkpoint.pth",
  "eval_model": "model",
  "tta_flip": true
}
