{
  "epoch": 370,
  "eval_mae": 52.34065934065934,
  "eval_mse": 85.77559849224777,
  "pred_cnt": 416.14285714285717,
  "gt_cnt": 433.3076923076923,
  "checkpoint": "outputs/SHA/outputs/SHA/vgg16_bn_step_drop700/best_checkpoint.pth",
  "eval_model": "model",
  "tta_flip": true
}
