{
  "scan_root": "outputs/NWPU",
  "results_dir": "eval_results/NWPU/batch_sigma_area",
  "dataset_file": "NWPU",
  "data_path": "data/NWPU-Crowd",
  "checkpoint_names": [
    "best_checkpoint.pth"
  ],
  "success_count": 2,
  "failure_count": 0,
  "summary": {
    "vgg16_bn": {
      "count": 2,
      "mean_mae": 84.777,
      "std_mae": 3.281000000000006,
      "min_mae": 81.496,
      "max_mae": 88.058,
      "mean_mse": 549.0510294639288,
      "min_train_best_mae": 82.292,
      "results": [
        {
          "dir": "vgg16_bn_apglc_counthead_seed42",
          "mae": 81.496,
          "mse": 509.13591898431207,
          "checkpoint": "outputs/NWPU/vgg16_bn_apglc_counthead_seed42/best_checkpoint.pth",
          "train_best_mae": 82.292,
          "best_epoch": 220,
          "loc_f1_large": 0.47875676763823993,
          "loc_prec_large": 0.4984886427570686,
          "loc_rec_large": 0.46052752270202507,
          "loc_f1_small": 0.31168748609389396,
          "loc_prec_small": 0.3245336304566064,
          "loc_rec_small": 0.2998196068039829
        },
        {
          "dir": "vgg16_bn_apglc_counthead_stage2_seed42",
          "mae": 88.058,
          "mse": 588.9661399435455,
          "checkpoint": "outputs/NWPU/vgg16_bn_apglc_counthead_stage2_seed42/best_checkpoint.pth",
          "train_best_mae": 88.058,
          "best_epoch": 2,
          "loc_f1_large": 0.4792564459386347,
          "loc_prec_large": 0.5079161317928969,
          "loc_rec_large": 0.4536583128649905,
          "loc_f1_small": 0.3187990729799495,
          "loc_prec_small": 0.3378633575809442,
          "loc_rec_small": 0.30177131850100386
        }
      ]
    }
  },
  "failures": []
}
