{
  "backbone": "efficientvit_small",
  "checkpoint": "outputs/SHA/results/efficientvit_small/final_train/best_checkpoint.pth",
  "eval_mae": 82.17032967032966,
  "eval_mse": 136.161769496902,
  "train_best_mae": 82.17032967032966,
  "train_best_mse": 136.161769496902,
  "best_epoch": 60,
  "total_epochs": 61,
  "optuna_search_mae": 83.16483516483517
}
