{
  "epoch": 90,
  "eval_mae": 54.16483516483517,
  "eval_mse": 87.82531363044322,
  "pred_cnt": 439.8791208791209,
  "gt_cnt": 433.3076923076923,
  "checkpoint": "outputs/SHA/vgg16_bn_apg_gtqd_lc_ft_seed42/best_checkpoint.pth",
  "eval_model": "model",
  "tta_flip": false
}
