{
  "epoch": 90,
  "eval_mae": 52.285714285714285,
  "eval_mse": 86.04637134695467,
  "pred_cnt": 428.84615384615387,
  "gt_cnt": 433.3076923076923,
  "checkpoint": "outputs/SHA/vgg16_bn_apg_gtqd_lc_ft_seed42/best_checkpoint.pth",
  "eval_model": "model",
  "tta_flip": false
}
