{
  "epoch": 90,
  "eval_mae": 52.83516483516483,
  "eval_mse": 86.64288205611014,
  "pred_cnt": 434.45054945054943,
  "gt_cnt": 433.3076923076923,
  "checkpoint": "outputs/SHA/vgg16_bn_apg_gtqd_lc_ft_seed42/best_checkpoint.pth",
  "eval_model": "model",
  "tta_flip": false
}
