{
  "epoch": 90,
  "eval_mae": 52.58791208791209,
  "eval_mse": 86.41107351707666,
  "pred_cnt": 432.6758241758242,
  "gt_cnt": 433.3076923076923,
  "checkpoint": "outputs/SHA/vgg16_bn_apg_gtqd_lc_ft_seed42/best_checkpoint.pth",
  "eval_model": "model",
  "tta_flip": false
}
