{
  "epoch": 90,
  "eval_mae": 53.26923076923077,
  "eval_mse": 86.94614349200238,
  "pred_cnt": 436.3131868131868,
  "gt_cnt": 433.3076923076923,
  "checkpoint": "outputs/SHA/vgg16_bn_apg_gtqd_lc_ft_seed42/best_checkpoint.pth",
  "eval_model": "model",
  "tta_flip": false
}
