{
  "epoch": 90,
  "eval_mae": 52.16483516483517,
  "eval_mse": 85.99948888169097,
  "pred_cnt": 425.15384615384613,
  "gt_cnt": 433.3076923076923,
  "checkpoint": "outputs/SHA/vgg16_bn_apg_gtqd_lc_ft_seed42/best_checkpoint.pth",
  "eval_model": "model",
  "tta_flip": false
}
