{
  "epoch": 90,
  "eval_mae": 52.1978021978022,
  "eval_mse": 85.91549643383624,
  "pred_cnt": 427.0989010989011,
  "gt_cnt": 433.3076923076923,
  "checkpoint": "outputs/SHA/vgg16_bn_apg_gtqd_lc_ft_seed42/best_checkpoint.pth",
  "eval_model": "model",
  "tta_flip": false
}
