{
  "epoch": 90,
  "eval_mae": 53.747252747252745,
  "eval_mse": 87.56216002436136,
  "pred_cnt": 438.0769230769231,
  "gt_cnt": 433.3076923076923,
  "checkpoint": "outputs/SHA/vgg16_bn_apg_gtqd_lc_ft_seed42/best_checkpoint.pth",
  "eval_model": "model",
  "tta_flip": false
}
