{
  "epoch": 670,
  "eval_mae": 52.565934065934066,
  "eval_mse": 89.62335718910643,
  "pred_cnt": 417.5879120879121,
  "gt_cnt": 433.3076923076923,
  "checkpoint": "outputs/SHA/vgg16_bn_drop700_apg_lc_ifi_seed42/best_checkpoint.pth",
  "eval_model": "model",
  "tta_flip": false,
  "eval_nms_radius": 0.0
}
