{
  "epoch": 670,
  "eval_mae": 52.32967032967033,
  "eval_mse": 89.33847232498795,
  "pred_cnt": 419.4065934065934,
  "gt_cnt": 433.3076923076923,
  "checkpoint": "outputs/SHA/vgg16_bn_drop700_apg_lc_ifi_seed42/best_checkpoint.pth",
  "eval_model": "model",
  "tta_flip": false,
  "eval_nms_radius": 0.0
}
