{
  "epoch": 670,
  "eval_mae": 53.07142857142857,
  "eval_mse": 90.24134307511164,
  "pred_cnt": 413.96153846153845,
  "gt_cnt": 433.3076923076923,
  "checkpoint": "outputs/SHA/vgg16_bn_drop700_apg_lc_ifi_seed42/best_checkpoint.pth",
  "eval_model": "model",
  "tta_flip": false,
  "eval_nms_radius": 0.0
}
