{
  "epoch": 670,
  "eval_mae": 53.637362637362635,
  "eval_mse": 91.68244286487096,
  "pred_cnt": 407.967032967033,
  "gt_cnt": 433.3076923076923,
  "checkpoint": "outputs/SHA/vgg16_bn_drop700_apg_lc_ifi_seed42/best_checkpoint.pth",
  "eval_model": "model",
  "tta_flip": false,
  "eval_nms_radius": 0.0
}
