{
  "epoch": 670,
  "eval_mae": 54.5989010989011,
  "eval_mse": 92.84297863230522,
  "pred_cnt": 404.07142857142856,
  "gt_cnt": 433.3076923076923,
  "checkpoint": "outputs/SHA/vgg16_bn_drop700_apg_lc_ifi_seed42/best_checkpoint.pth",
  "eval_model": "model",
  "tta_flip": false,
  "eval_nms_radius": 0.0
}
