{
  "epoch": 90,
  "eval_mae": 52.7967032967033,
  "eval_mse": 86.34829165957757,
  "pred_cnt": 423.0824175824176,
  "gt_cnt": 433.3076923076923,
  "checkpoint": "outputs/SHA/vgg16_bn_apg_lc_repair_seed42/best_checkpoint.pth",
  "eval_model": "model",
  "tta_flip": false
}
