{
  "epoch": 90,
  "eval_mae": 53.66483516483517,
  "eval_mse": 87.17933392574334,
  "pred_cnt": 436.1043956043956,
  "gt_cnt": 433.3076923076923,
  "checkpoint": "outputs/SHA/vgg16_bn_apg_lc_repair_seed42/best_checkpoint.pth",
  "eval_model": "model",
  "tta_flip": false
}
