{
  "epoch": 90,
  "eval_mae": 52.82967032967033,
  "eval_mse": 86.26642223017947,
  "pred_cnt": 430.7637362637363,
  "gt_cnt": 433.3076923076923,
  "checkpoint": "outputs/SHA/vgg16_bn_apg_lc_repair_seed42/best_checkpoint.pth",
  "eval_model": "model",
  "tta_flip": false
}
