{
  "epoch": 475,
  "eval_mae": 53.543956043956044,
  "eval_mse": 85.34541967405549,
  "pred_cnt": 436.35714285714283,
  "gt_cnt": 433.3076923076923,
  "checkpoint": "outputs/SHA/vgg16_bn_drop700_apg_lc_s059_seed42/best_checkpoint.pth",
  "eval_model": "model",
  "tta_flip": false
}
