{
  "epoch": 475,
  "eval_mae": 52.79120879120879,
  "eval_mse": 83.53606840924898,
  "pred_cnt": 428.0769230769231,
  "gt_cnt": 433.3076923076923,
  "checkpoint": "outputs/SHA/vgg16_bn_drop700_apg_lc_s059_seed42/best_checkpoint.pth",
  "eval_model": "model",
  "tta_flip": false
}
