{
  "epoch": 475,
  "eval_mae": 54.17032967032967,
  "eval_mse": 86.57147843903833,
  "pred_cnt": 440.3901098901099,
  "gt_cnt": 433.3076923076923,
  "checkpoint": "outputs/SHA/vgg16_bn_drop700_apg_lc_s059_seed42/best_checkpoint.pth",
  "eval_model": "model",
  "tta_flip": false
}
