{
  "epoch": 475,
  "eval_mae": 53.137362637362635,
  "eval_mse": 84.53807907201826,
  "pred_cnt": 434.35714285714283,
  "gt_cnt": 433.3076923076923,
  "checkpoint": "outputs/SHA/vgg16_bn_drop700_apg_lc_s059_seed42/best_checkpoint.pth",
  "eval_model": "model",
  "tta_flip": false
}
