{
  "epoch": 475,
  "eval_mae": 53.752747252747255,
  "eval_mse": 85.80981398315798,
  "pred_cnt": 438.4010989010989,
  "gt_cnt": 433.3076923076923,
  "checkpoint": "outputs/SHA/vgg16_bn_drop700_apg_lc_s059_seed42/best_checkpoint.pth",
  "eval_model": "model",
  "tta_flip": false
}
