{
  "epoch": 475,
  "eval_mae": 52.80769230769231,
  "eval_mse": 83.6842902793615,
  "pred_cnt": 430.0934065934066,
  "gt_cnt": 433.3076923076923,
  "checkpoint": "outputs/SHA/vgg16_bn_drop700_apg_lc_s059_seed42/best_checkpoint.pth",
  "eval_model": "model",
  "tta_flip": false
}
