{
  "epoch": 475,
  "eval_mae": 54.467032967032964,
  "eval_mse": 87.22262157425511,
  "pred_cnt": 442.35714285714283,
  "gt_cnt": 433.3076923076923,
  "checkpoint": "outputs/SHA/vgg16_bn_drop700_apg_lc_s059_seed42/best_checkpoint.pth",
  "eval_model": "model",
  "tta_flip": false
}
