{
  "backbone": "resnet50",
  "checkpoint": "outputs/SHA/results/resnet50/final_train/best_checkpoint.pth",
  "eval_mae": 68.18131868131869,
  "eval_mse": 100.06731250996518,
  "train_best_mae": 68.18131868131869,
  "train_best_mse": 100.06731250996518,
  "best_epoch": 285,
  "total_epochs": 286,
  "optuna_search_mae": 73.42857142857143
}
