{
  "backbone": "resnet50",
  "dataset_file": "SHA",
  "trials": 5,
  "trials_completed": 5,
  "seed_aggregate": "mean",
  "extra_args": "--epochs 150 --patch_size 256",
  "best_value": 73.42857142857143,
  "best_params": {
    "lr": 0.00028962760481136086,
    "lr_backbone": 9.567607225454356e-05,
    "batch_size": 4,
    "warmup": 2,
    "score_threshold": 0.3746149025306491
  },
  "best_trial_number": 3,
  "per_seed_mae": [
    73.42857142857143
  ]
}