{
  "backbone": "mobilenetv4_hybrid",
  "checkpoint": "outputs/SHA/results/mobilenetv4_hybrid/final_train/best_checkpoint.pth",
  "eval_mae": 63.494505494505496,
  "eval_mse": 115.43543935612087,
  "train_best_mae": 63.494505494505496,
  "train_best_mse": 115.43543935612087,
  "best_epoch": 470,
  "total_epochs": 471,
  "optuna_search_mae": 69.42857142857143
}
