{
  "timestamp": "2026-05-25T12:55:00.889128",
  "backbone": "convnextv2_base",
  "seeds": [
    7
  ],
  "results": {
    "7": 55.36813186813187
  },
  "num_seeds": 1,
  "num_completed": 1,
  "metrics": {
    "mean_mae": 55.36813186813187,
    "std_mae": 0.0,
    "min_mae": 55.36813186813187,
    "max_mae": 55.36813186813187
  }
}