{
  "backbone": "mobilenetv4_small",
  "dataset_file": "SHA",
  "trials": 5,
  "trials_completed": 5,
  "seed_aggregate": "mean",
  "extra_args": "--epochs 150 --patch_size 256",
  "best_value": 74.91758241758242,
  "best_params": {
    "lr": 3.969391368297567e-05,
    "lr_backbone": 6.832412823152916e-05,
    "batch_size": 8,
    "warmup": 8,
    "score_threshold": 0.5365803286816251
  },
  "best_trial_number": 3,
  "per_seed_mae": [
    74.91758241758242
  ]
}